id,journal_id/.id,partner_id,partner_id/vat,tax_tag_ids,debit,credit,date,ref,invoice_date,account_id,journal_id,name,matching_number,move_name,tax_line_id,tax_ids,move_id,move_id/l10n_bg_document_type,journal_id/type,company_id/vat,Company,analytic_line_ids/amount,analytic_line_ids/account_id
__export__.account_move_line_58792_105538a7,18,ВЕНТУС СИСТЕМС ЕООД,BG131566714,'+11,0,400,28/11/2025,Услуги за периода 11.2025,28/11/2025,703000 Приходи счетоводство,Customer Invoices за кочан 1----,Счетоводно обслужване/Accounting,,1000003162,,20%,1000003162 (Услуги за периода 11.2025),1,Sales,BG121666330,FAC Doema LTD,,
__export__.account_move_line_58793_fbdb73b9,18,ВЕНТУС СИСТЕМС ЕООД,BG131566714,'+11,0,45,28/11/2025,Услуги за периода 11.2025,28/11/2025,703001 Приходи ТРЗ,Customer Invoices за кочан 1----,ТРЗ/ гр дог/Personal,,1000003162,,20%,1000003162 (Услуги за периода 11.2025),1,Sales,BG121666330,FAC Doema LTD,,
__export__.account_move_line_58794_80dfdd7c,18,ВЕНТУС СИСТЕМС ЕООД,BG131566714,'+21,0,89,28/11/2025,Услуги за периода 11.2025,28/11/2025,453200 Vat sales,Customer Invoices за кочан 1----,20% ПДК (чл.82),,1000003162,20%,,1000003162 (Услуги за периода 11.2025),1,Sales,BG121666330,FAC Doema LTD,,
__export__.account_move_line_64498_f0577698,37,VANKO - K - 2008 EOOD,BG200311946,'+11,0,18000,27/11/2025,Заверка на финансов отчет по проект № BG-RRP-4.034-0139,27/11/2025,703005 Приходи одит,Customer Invoices за кочан 3----,,,3000000227,,20%,3000000227 (Заверка на финансов отчет по проект № BG- [...]),1,Sales,BG121666330,FAC Doema LTD,,
__export__.account_move_line_64501_c683e3f7,37,VANKO - K - 2008 EOOD,BG200311946,'+21,0,3600,27/11/2025,Заверка на финансов отчет по проект № BG-RRP-4.034-0139,27/11/2025,453200 Vat sales,Customer Invoices за кочан 3----,20% ПДК (чл.82),,3000000227,20%,,3000000227 (Заверка на финансов отчет по проект № BG- [...]),1,Sales,BG121666330,FAC Doema LTD,,
__export__.account_move_line_62835_3104d3d2,18,АДА СОФТ ОДИТ ООД,BG202122357,'+11,0,1646,20/11/2025,,20/11/2025,703005 Приходи одит,Customer Invoices за кочан 1----,,,1000003161,,20%,1000003161,1,Sales,BG121666330,FAC Doema LTD,,
__export__.account_move_line_62838_bb9f92c3,18,АДА СОФТ ОДИТ ООД,BG202122357,'+21,0,329.2,20/11/2025,,20/11/2025,453200 Vat sales,Customer Invoices за кочан 1----,20% ПДК (чл.82),,1000003161,20%,,1000003161,1,Sales,BG121666330,FAC Doema LTD,,
__export__.account_move_line_62492_ea588c8f,18,АДА СОФТ ОДИТ ООД,BG202122357,'-11,4790,0,19/11/2025,,19/11/2025,703000 Приходи счетоводство,Customer Invoices за кочан 1----,,,RINV/2025/00001,,20%,RINV/2025/00001,3,Sales,BG121666330,FAC Doema LTD,,
__export__.account_move_line_66131_19211102,18,АДА СОФТ ОДИТ ООД,BG202122357,'-21,958,0,19/11/2025,,19/11/2025,453200 Vat sales,Customer Invoices за кочан 1----,20%,,RINV/2025/00001,20%,,RINV/2025/00001,3,Sales,BG121666330,FAC Doema LTD,,
__export__.account_move_line_62649_8625276f,18,BLUBITO EOOD,BG175287871,'+11,0,1845,19/11/2025,Префактуриране подписи Стил Уеб 2026 - 120 бр. по проформа от Мсофт,19/11/2025,703003 Приходи консултации,Customer Invoices за кочан 1----,,,1000003160,,20%,1000003160 (Префактуриране подписи Стил Уеб 2026 - 120 [...]),1,Sales,BG121666330,FAC Doema LTD,,
__export__.account_move_line_62651_918b6deb,18,BLUBITO EOOD,BG175287871,'+21,0,369,19/11/2025,Префактуриране подписи Стил Уеб 2026 - 120 бр. по проформа от Мсофт,19/11/2025,453200 Vat sales,Customer Invoices за кочан 1----,20% ПДК (чл.82),,1000003160,20%,,1000003160 (Префактуриране подписи Стил Уеб 2026 - 120 [...]),1,Sales,BG121666330,FAC Doema LTD,,
__export__.account_move_line_58800_45d5262d,18,BLUBITO EOOD,BG175287871,'+11,0,1466.87,13/11/2025,Услуги м.10.2025 и до 12.11.2025,13/11/2025,703000 Приходи счетоводство,Customer Invoices за кочан 1----,Счетоводно обслужване/Accounting,,1000003159,,20%,1000003159 (Услуги м.10.2025 и до 12.11.2025),1,Sales,BG121666330,FAC Doema LTD,,
__export__.account_move_line_58801_169abfe6,18,BLUBITO EOOD,BG175287871,'+11,0,1901.07,13/11/2025,Услуги м.10.2025 и до 12.11.2025,13/11/2025,703001 Приходи ТРЗ,Customer Invoices за кочан 1----,ТРЗ/ гр дог/Personal,,1000003159,,20%,1000003159 (Услуги м.10.2025 и до 12.11.2025),1,Sales,BG121666330,FAC Doema LTD,,
__export__.account_move_line_58802_f01eca50,18,BLUBITO EOOD,BG175287871,'+11,0,58.68,13/11/2025,Услуги м.10.2025 и до 12.11.2025,13/11/2025,703001 Приходи ТРЗ,Customer Invoices за кочан 1----,Прекр назначаване УП,,1000003159,,20%,1000003159 (Услуги м.10.2025 и до 12.11.2025),1,Sales,BG121666330,FAC Doema LTD,,
__export__.account_move_line_58803_b0d8500c,18,BLUBITO EOOD,BG175287871,'+21,0,685.32,13/11/2025,Услуги м.10.2025 и до 12.11.2025,13/11/2025,453200 Vat sales,Customer Invoices за кочан 1----,20% ПДК (чл.82),,1000003159,20%,,1000003159 (Услуги м.10.2025 и до 12.11.2025),1,Sales,BG121666330,FAC Doema LTD,,
__export__.account_move_line_60341_8b05c88b,19,ЧЕЗ Електрохолд продажби България АД,BG175133827,'+31,57.67,0,10/11/2025,467543669,10/11/2025,"601006 costs electricity, water, heating",Vendor Bills,Продажби - 2025-11-10,,7811054564,,20% FTC,7811054564 (0467543669),1,Purchase,BG121666330,FAC Doema LTD,,
__export__.account_move_line_60343_38301464,19,ЧЕЗ Електрохолд продажби България АД,BG175133827,'+41,11.53,0,10/11/2025,467543669,10/11/2025,453100 Vat purchases,Vendor Bills,20% FTC,,7811054564,20% FTC,,7811054564 (0467543669),1,Purchase,BG121666330,FAC Doema LTD,,
__export__.account_move_line_62817_08eb6337,19,Mediapan OOD,BG200507849,'+31,360,0,08/11/2025,86,08/11/2025,601110 Активи под прага,Vendor Bills,,,7811054570,,20% FTC,7811054570 (86),1,Purchase,BG121666330,FAC Doema LTD,,
__export__.account_move_line_62818_e8504d46,19,Mediapan OOD,BG200507849,'+31,530,0,08/11/2025,86,08/11/2025,601110 Активи под прага,Vendor Bills,,,7811054570,,20% FTC,7811054570 (86),1,Purchase,BG121666330,FAC Doema LTD,,
__export__.account_move_line_62819_4e5f2540,19,Mediapan OOD,BG200507849,'+31,622.5,0,08/11/2025,86,08/11/2025,601110 Активи под прага,Vendor Bills,,,7811054570,,20% FTC,7811054570 (86),1,Purchase,BG121666330,FAC Doema LTD,,
__export__.account_move_line_62820_cfd327ca,19,Mediapan OOD,BG200507849,'+41,302.5,0,08/11/2025,86,08/11/2025,453100 Vat purchases,Vendor Bills,20% ПДК,,7811054570,20% FTC,,7811054570 (86),1,Purchase,BG121666330,FAC Doema LTD,,
__export__.account_move_line_58796_1115db8b,18,SEV'NSTROI EOOD,BG131369368,'+11,0,550,06/11/2025,Услуги за периода 10.2025,06/11/2025,703000 Приходи счетоводство,Customer Invoices за кочан 1----,Счетоводно обслужване/Accounting,,1000003158,,20%,1000003158 (Услуги за периода 10.2025),1,Sales,BG121666330,FAC Doema LTD,,
__export__.account_move_line_58797_bdfbbd13,18,SEV'NSTROI EOOD,BG131369368,'+11,0,169,06/11/2025,Услуги за периода 10.2025,06/11/2025,703001 Приходи ТРЗ,Customer Invoices за кочан 1----,ТРЗ/ гр дог/Personal,,1000003158,,20%,1000003158 (Услуги за периода 10.2025),1,Sales,BG121666330,FAC Doema LTD,,
__export__.account_move_line_58798_5c0e691b,18,SEV'NSTROI EOOD,BG131369368,'+21,0,143.8,06/11/2025,Услуги за периода 10.2025,06/11/2025,453200 Vat sales,Customer Invoices за кочан 1----,20% ПДК (чл.82),,1000003158,20%,,1000003158 (Услуги за периода 10.2025),1,Sales,BG121666330,FAC Doema LTD,,
__export__.account_move_line_58805_5214b15d,18,VMV Bild  OOD,BG205489643,'+11,0,400,06/11/2025,Услуги за периода 10.2025,06/11/2025,703000 Приходи счетоводство,Customer Invoices за кочан 1----,Счетоводно обслужване/Accounting,,1000003157,,20%,1000003157 (Услуги за периода 10.2025),1,Sales,BG121666330,FAC Doema LTD,,
__export__.account_move_line_58806_5218617a,18,VMV Bild  OOD,BG205489643,'+11,0,210,06/11/2025,Услуги за периода 10.2025,06/11/2025,703001 Приходи ТРЗ,Customer Invoices за кочан 1----,ТРЗ/ гр дог/Personal,,1000003157,,20%,1000003157 (Услуги за периода 10.2025),1,Sales,BG121666330,FAC Doema LTD,,
__export__.account_move_line_58807_d5da7930,18,VMV Bild  OOD,BG205489643,'+21,0,122,06/11/2025,Услуги за периода 10.2025,06/11/2025,453200 Vat sales,Customer Invoices за кочан 1----,20% ПДК (чл.82),,1000003157,20%,,1000003157 (Услуги за периода 10.2025),1,Sales,BG121666330,FAC Doema LTD,,
__export__.account_move_line_60429_716e3522,19,ИДЕС,BG121131534,'+31,41.67,0,05/11/2025,1000052731,05/11/2025,60223 Обучения,Vendor Bills,ст - 2025-11-05,,7811054566,,20% FTC,7811054566 (1000052731),1,Purchase,BG121666330,FAC Doema LTD,,
__export__.account_move_line_60431_dfea8adb,19,ИДЕС,BG121131534,'+41,8.33,0,05/11/2025,1000052731,05/11/2025,453100 Vat purchases,Vendor Bills,20% FTC,,7811054566,20% FTC,,7811054566 (1000052731),1,Purchase,BG121666330,FAC Doema LTD,,
__export__.account_move_line_59923_63f9e3f2,19,ИДЕС,BG121131534,'+31,60,0,05/11/2025,1000052732,05/11/2025,60223 Обучения,Vendor Bills,ст - 2025-11-05,,7811054563,,20% FTC,7811054563 (1000052732),1,Purchase,BG121666330,FAC Doema LTD,,
__export__.account_move_line_59925_f85b000b,19,ИДЕС,BG121131534,'+41,12,0,05/11/2025,1000052732,05/11/2025,453100 Vat purchases,Vendor Bills,20% FTC,,7811054563,20% FTC,,7811054563 (1000052732),1,Purchase,BG121666330,FAC Doema LTD,,
__export__.account_move_line_58809_013a242b,18,SEMANTIK INTERAKTIV,BG202790805,'+11,0,300,03/11/2025,Услуги за периода 10.2025,03/11/2025,703000 Приходи счетоводство,Customer Invoices за кочан 1----,Счетоводно обслужване/Accounting,,1000003156,,20%,1000003156 (Услуги за периода 10.2025),1,Sales,BG121666330,FAC Doema LTD,,
__export__.account_move_line_58810_e56fa276,18,SEMANTIK INTERAKTIV,BG202790805,'+11,0,22,03/11/2025,Услуги за периода 10.2025,03/11/2025,703001 Приходи ТРЗ,Customer Invoices за кочан 1----,ТРЗ/ гр дог/Personal,,1000003156,,20%,1000003156 (Услуги за периода 10.2025),1,Sales,BG121666330,FAC Doema LTD,,
__export__.account_move_line_58811_b5340394,18,SEMANTIK INTERAKTIV,BG202790805,'+21,0,64.4,03/11/2025,Услуги за периода 10.2025,03/11/2025,453200 Vat sales,Customer Invoices за кочан 1----,20% ПДК (чл.82),,1000003156,20%,,1000003156 (Услуги за периода 10.2025),1,Sales,BG121666330,FAC Doema LTD,,
__export__.account_move_line_58891_0923b63a,18,MEDIKS-SAMOSTOIaTELNA MEDIKO-DIAGNOSTIChNA LABORATOR,,'+11,0,150,03/11/2025,Услуги за периода 10.2025,03/11/2025,703000 Приходи счетоводство,Customer Invoices за кочан 1----,Счетоводно обслужване/Accounting,,1000003155,,20%,1000003155 (Услуги за периода 10.2025),1,Sales,BG121666330,FAC Doema LTD,,
__export__.account_move_line_58892_854177a7,18,MEDIKS-SAMOSTOIaTELNA MEDIKO-DIAGNOSTIChNA LABORATOR,,'+11,0,180,03/11/2025,Услуги за периода 10.2025,03/11/2025,703001 Приходи ТРЗ,Customer Invoices за кочан 1----,ТРЗ/ гр дог/Personal,,1000003155,,20%,1000003155 (Услуги за периода 10.2025),1,Sales,BG121666330,FAC Doema LTD,,
__export__.account_move_line_58893_9072e025,18,MEDIKS-SAMOSTOIaTELNA MEDIKO-DIAGNOSTIChNA LABORATOR,,'+21,0,66,03/11/2025,Услуги за периода 10.2025,03/11/2025,453200 Vat sales,Customer Invoices за кочан 1----,20% ПДК (чл.82),,1000003155,20%,,1000003155 (Услуги за периода 10.2025),1,Sales,BG121666330,FAC Doema LTD,,
__export__.account_move_line_58874_877c8854,18,Gurme MN OOD,BG175042562,'+11,0,600,03/11/2025,Услуги за периода 10.2025,03/11/2025,703000 Приходи счетоводство,Customer Invoices за кочан 1----,Счетоводно обслужване/Accounting,,1000003154,,20%,1000003154 (Услуги за периода 10.2025),1,Sales,BG121666330,FAC Doema LTD,,
__export__.account_move_line_58875_415b2872,18,Gurme MN OOD,BG175042562,'+11,0,176,03/11/2025,Услуги за периода 10.2025,03/11/2025,703001 Приходи ТРЗ,Customer Invoices за кочан 1----,ТРЗ/ гр дог/Personal,,1000003154,,20%,1000003154 (Услуги за периода 10.2025),1,Sales,BG121666330,FAC Doema LTD,,
__export__.account_move_line_58876_d62a2db3,18,Gurme MN OOD,BG175042562,'+11,0,1200,03/11/2025,Услуги за периода 10.2025,03/11/2025,703004 Приходи обработка склад,Customer Invoices за кочан 1----,Въвеждане на склад,,1000003154,,20%,1000003154 (Услуги за периода 10.2025),1,Sales,BG121666330,FAC Doema LTD,,
__export__.account_move_line_58877_91946883,18,Gurme MN OOD,BG175042562,'+21,0,395.2,03/11/2025,Услуги за периода 10.2025,03/11/2025,453200 Vat sales,Customer Invoices за кочан 1----,20% ПДК (чл.82),,1000003154,20%,,1000003154 (Услуги за периода 10.2025),1,Sales,BG121666330,FAC Doema LTD,,
__export__.account_move_line_58887_90ca655d,18,Miteva Akademi OOD,BG207307872,'+11,0,150,03/11/2025,Услуги за периода 10.2025,03/11/2025,703000 Приходи счетоводство,Customer Invoices за кочан 1----,Счетоводно обслужване/Accounting,,1000003153,,20%,1000003153 (Услуги за периода 10.2025),1,Sales,BG121666330,FAC Doema LTD,,
__export__.account_move_line_58888_9e3a4d34,18,Miteva Akademi OOD,BG207307872,'+11,0,12,03/11/2025,Услуги за периода 10.2025,03/11/2025,703001 Приходи ТРЗ,Customer Invoices за кочан 1----,ТРЗ/ гр дог/Personal,,1000003153,,20%,1000003153 (Услуги за периода 10.2025),1,Sales,BG121666330,FAC Doema LTD,,
__export__.account_move_line_58889_b3316a25,18,Miteva Akademi OOD,BG207307872,'+21,0,32.4,03/11/2025,Услуги за периода 10.2025,03/11/2025,453200 Vat sales,Customer Invoices за кочан 1----,20% ПДК (чл.82),,1000003153,20%,,1000003153 (Услуги за периода 10.2025),1,Sales,BG121666330,FAC Doema LTD,,
__export__.account_move_line_58883_847f708c,18,Файнанс Консулт ЕООД,BG201695368,'+11,0,130,03/11/2025,Услуги за периода 10.2025,03/11/2025,703000 Приходи счетоводство,Customer Invoices за кочан 1----,Счетоводно обслужване/Accounting,,1000003152,,20%,1000003152 (Услуги за периода 10.2025),1,Sales,BG121666330,FAC Doema LTD,,
__export__.account_move_line_58884_e94ffca0,18,Файнанс Консулт ЕООД,BG201695368,'+11,0,44,03/11/2025,Услуги за периода 10.2025,03/11/2025,703001 Приходи ТРЗ,Customer Invoices за кочан 1----,ТРЗ/ гр дог/Personal,,1000003152,,20%,1000003152 (Услуги за периода 10.2025),1,Sales,BG121666330,FAC Doema LTD,,
__export__.account_move_line_58885_26f1a522,18,Файнанс Консулт ЕООД,BG201695368,'+21,0,34.8,03/11/2025,Услуги за периода 10.2025,03/11/2025,453200 Vat sales,Customer Invoices за кочан 1----,20% ПДК (чл.82),,1000003152,20%,,1000003152 (Услуги за периода 10.2025),1,Sales,BG121666330,FAC Doema LTD,,
__export__.account_move_line_58879_6b13a2f4,18,Бай кънсалтинг енд сервисиз ЕООД,BG206671264,'+11,0,195.8,03/11/2025,Услуги за периода 10.2025,03/11/2025,703000 Приходи счетоводство,Customer Invoices за кочан 1----,Счетоводно обслужване/Accounting,,1000003151,,20%,1000003151 (Услуги за периода 10.2025),1,Sales,BG121666330,FAC Doema LTD,,
__export__.account_move_line_58880_be6b2b29,18,Бай кънсалтинг енд сервисиз ЕООД,BG206671264,'+11,0,19.58,03/11/2025,Услуги за периода 10.2025,03/11/2025,703001 Приходи ТРЗ,Customer Invoices за кочан 1----,ТРЗ/ гр дог/Personal,,1000003151,,20%,1000003151 (Услуги за периода 10.2025),1,Sales,BG121666330,FAC Doema LTD,,
__export__.account_move_line_58881_a334defc,18,Бай кънсалтинг енд сервисиз ЕООД,BG206671264,'+21,0,43.08,03/11/2025,Услуги за периода 10.2025,03/11/2025,453200 Vat sales,Customer Invoices за кочан 1----,20% ПДК (чл.82),,1000003151,20%,,1000003151 (Услуги за периода 10.2025),1,Sales,BG121666330,FAC Doema LTD,,
__export__.account_move_line_58870_fc61041b,18,DECOR HOUSE Ltd.,,'+11,0,80,03/11/2025,Услуги за периода 10.2025,03/11/2025,703000 Приходи счетоводство,Customer Invoices за кочан 1----,Счетоводно обслужване/Accounting,,1000003150,,20%,1000003150 (Услуги за периода 10.2025),1,Sales,BG121666330,FAC Doema LTD,,
__export__.account_move_line_58871_56274b08,18,DECOR HOUSE Ltd.,,'+11,0,11,03/11/2025,Услуги за периода 10.2025,03/11/2025,703001 Приходи ТРЗ,Customer Invoices за кочан 1----,ТРЗ/ гр дог/Personal,,1000003150,,20%,1000003150 (Услуги за периода 10.2025),1,Sales,BG121666330,FAC Doema LTD,,
__export__.account_move_line_58872_63bb1ceb,18,DECOR HOUSE Ltd.,,'+21,0,18.2,03/11/2025,Услуги за периода 10.2025,03/11/2025,453200 Vat sales,Customer Invoices за кочан 1----,20% ПДК (чл.82),,1000003150,20%,,1000003150 (Услуги за периода 10.2025),1,Sales,BG121666330,FAC Doema LTD,,
__export__.account_move_line_58867_fd67415b,18,Thalea Strelau,1005714642,'+11,0,97.79,03/11/2025,Услуги за периода 10.2025,03/11/2025,703000 Приходи счетоводство,Customer Invoices за кочан 1----,Счетоводно обслужване/Accounting,,1000003149,,20%,1000003149 (Услуги за периода 10.2025),1,Sales,BG121666330,FAC Doema LTD,,
__export__.account_move_line_58868_03f5f8a5,18,Thalea Strelau,1005714642,'+21,0,19.56,03/11/2025,Услуги за периода 10.2025,03/11/2025,453200 Vat sales,Customer Invoices за кочан 1----,20% ПДК (чл.82),,1000003149,20%,,1000003149 (Услуги за периода 10.2025),1,Sales,BG121666330,FAC Doema LTD,,
__export__.account_move_line_58863_b73cdea0,18,Leidiflau'r Art EOOD,BG205190228,'+11,0,160,03/11/2025,Услуги за периода 10.2025,03/11/2025,703000 Приходи счетоводство,Customer Invoices за кочан 1----,Счетоводно обслужване/Accounting,,1000003148,,20%,1000003148 (Услуги за периода 10.2025),1,Sales,BG121666330,FAC Doema LTD,,
__export__.account_move_line_58864_d8ada777,18,Leidiflau'r Art EOOD,BG205190228,'+11,0,11,03/11/2025,Услуги за периода 10.2025,03/11/2025,703001 Приходи ТРЗ,Customer Invoices за кочан 1----,ТРЗ/ гр дог/Personal,,1000003148,,20%,1000003148 (Услуги за периода 10.2025),1,Sales,BG121666330,FAC Doema LTD,,
__export__.account_move_line_58865_eafad983,18,Leidiflau'r Art EOOD,BG205190228,'+21,0,34.2,03/11/2025,Услуги за периода 10.2025,03/11/2025,453200 Vat sales,Customer Invoices за кочан 1----,20% ПДК (чл.82),,1000003148,20%,,1000003148 (Услуги за периода 10.2025),1,Sales,BG121666330,FAC Doema LTD,,
__export__.account_move_line_58859_f058bba8,18,L end T Konsult,BG206222796,'+11,0,100,03/11/2025,Услуги за периода 10.2025,03/11/2025,703000 Приходи счетоводство,Customer Invoices за кочан 1----,Счетоводно обслужване/Accounting,,1000003147,,20%,1000003147 (Услуги за периода 10.2025),1,Sales,BG121666330,FAC Doema LTD,,
__export__.account_move_line_58860_318d1524,18,L end T Konsult,BG206222796,'+11,0,11,03/11/2025,Услуги за периода 10.2025,03/11/2025,703001 Приходи ТРЗ,Customer Invoices за кочан 1----,ТРЗ/ гр дог/Personal,,1000003147,,20%,1000003147 (Услуги за периода 10.2025),1,Sales,BG121666330,FAC Doema LTD,,
__export__.account_move_line_58861_4161e49a,18,L end T Konsult,BG206222796,'+21,0,22.2,03/11/2025,Услуги за периода 10.2025,03/11/2025,453200 Vat sales,Customer Invoices за кочан 1----,20% ПДК (чл.82),,1000003147,20%,,1000003147 (Услуги за периода 10.2025),1,Sales,BG121666330,FAC Doema LTD,,
__export__.account_move_line_58855_8eafe541,18,MOBIL KhOUM,,'+11,0,40,03/11/2025,Услуги за периода 10.2025,03/11/2025,703000 Приходи счетоводство,Customer Invoices за кочан 1----,Счетоводно обслужване/Accounting,,1000003146,,20%,1000003146 (Услуги за периода 10.2025),1,Sales,BG121666330,FAC Doema LTD,,
__export__.account_move_line_58856_4447d68c,18,MOBIL KhOUM,,'+11,0,10,03/11/2025,Услуги за периода 10.2025,03/11/2025,703001 Приходи ТРЗ,Customer Invoices за кочан 1----,ТРЗ/ гр дог/Personal,,1000003146,,20%,1000003146 (Услуги за периода 10.2025),1,Sales,BG121666330,FAC Doema LTD,,
__export__.account_move_line_58857_6fd8c12e,18,MOBIL KhOUM,,'+21,0,10,03/11/2025,Услуги за периода 10.2025,03/11/2025,453200 Vat sales,Customer Invoices за кочан 1----,20% ПДК (чл.82),,1000003146,20%,,1000003146 (Услуги за периода 10.2025),1,Sales,BG121666330,FAC Doema LTD,,
__export__.account_move_line_58851_d6999178,18,EMA TAIL KORPOREISh'N EOOD,BG201891018,'+11,0,391.17,03/11/2025,Услуги за периода 10.2025,03/11/2025,703000 Приходи счетоводство,Customer Invoices за кочан 1----,Счетоводно обслужване/Accounting,,1000003145,,20%,1000003145 (Услуги за периода 10.2025),1,Sales,BG121666330,FAC Doema LTD,,
__export__.account_move_line_58852_101e6e6b,18,EMA TAIL KORPOREISh'N EOOD,BG201891018,'+11,0,29.34,03/11/2025,Услуги за периода 10.2025,03/11/2025,703001 Приходи ТРЗ,Customer Invoices за кочан 1----,ТРЗ/ гр дог/Personal,,1000003145,,20%,1000003145 (Услуги за периода 10.2025),1,Sales,BG121666330,FAC Doema LTD,,
__export__.account_move_line_58853_56240971,18,EMA TAIL KORPOREISh'N EOOD,BG201891018,'+21,0,84.1,03/11/2025,Услуги за периода 10.2025,03/11/2025,453200 Vat sales,Customer Invoices за кочан 1----,20% ПДК (чл.82),,1000003145,20%,,1000003145 (Услуги за периода 10.2025),1,Sales,BG121666330,FAC Doema LTD,,
__export__.account_move_line_58847_38e5b72c,18,Recrutiv LTD,BG205898840,'+11,0,254.26,03/11/2025,Услуги за периода 10.2025,03/11/2025,703000 Приходи счетоводство,Customer Invoices за кочан 1----,Счетоводно обслужване/Accounting,,1000003144,,20%,1000003144 (Услуги за периода 10.2025),1,Sales,BG121666330,FAC Doema LTD,,
__export__.account_move_line_58848_c65dec63,18,Recrutiv LTD,BG205898840,'+11,0,19.56,03/11/2025,Услуги за периода 10.2025,03/11/2025,703001 Приходи ТРЗ,Customer Invoices за кочан 1----,ТРЗ/ гр дог/Personal,,1000003144,,20%,1000003144 (Услуги за периода 10.2025),1,Sales,BG121666330,FAC Doema LTD,,
__export__.account_move_line_58849_af819daa,18,Recrutiv LTD,BG205898840,'+21,0,54.76,03/11/2025,Услуги за периода 10.2025,03/11/2025,453200 Vat sales,Customer Invoices за кочан 1----,20% ПДК (чл.82),,1000003144,20%,,1000003144 (Услуги за периода 10.2025),1,Sales,BG121666330,FAC Doema LTD,,
__export__.account_move_line_58843_055ef277,18,Сайтех ЕООД,BG204520153,'+11,0,90,03/11/2025,Услуги за периода 10.2025,03/11/2025,703000 Приходи счетоводство,Customer Invoices за кочан 1----,Счетоводно обслужване/Accounting,,1000003143,,20%,1000003143 (Услуги за периода 10.2025),1,Sales,BG121666330,FAC Doema LTD,,
__export__.account_move_line_58844_a3f2ff75,18,Сайтех ЕООД,BG204520153,'+11,0,10,03/11/2025,Услуги за периода 10.2025,03/11/2025,703001 Приходи ТРЗ,Customer Invoices за кочан 1----,ТРЗ/ гр дог/Personal,,1000003143,,20%,1000003143 (Услуги за периода 10.2025),1,Sales,BG121666330,FAC Doema LTD,,
__export__.account_move_line_58845_f3dd353e,18,Сайтех ЕООД,BG204520153,'+21,0,20,03/11/2025,Услуги за периода 10.2025,03/11/2025,453200 Vat sales,Customer Invoices за кочан 1----,20% ПДК (чл.82),,1000003143,20%,,1000003143 (Услуги за периода 10.2025),1,Sales,BG121666330,FAC Doema LTD,,
__export__.account_move_line_58839_3893717f,18,MARKhITEKTI STUDIO EOOD,,'+11,0,40,03/11/2025,Услуги за периода 10.2025,03/11/2025,703000 Приходи счетоводство,Customer Invoices за кочан 1----,Счетоводно обслужване/Accounting,,1000003142,,20%,1000003142 (Услуги за периода 10.2025),1,Sales,BG121666330,FAC Doema LTD,,
__export__.account_move_line_58840_c7189bd5,18,MARKhITEKTI STUDIO EOOD,,'+11,0,22,03/11/2025,Услуги за периода 10.2025,03/11/2025,703001 Приходи ТРЗ,Customer Invoices за кочан 1----,ТРЗ/ гр дог/Personal,,1000003142,,20%,1000003142 (Услуги за периода 10.2025),1,Sales,BG121666330,FAC Doema LTD,,
__export__.account_move_line_58841_92bb4f15,18,MARKhITEKTI STUDIO EOOD,,'+21,0,12.4,03/11/2025,Услуги за периода 10.2025,03/11/2025,453200 Vat sales,Customer Invoices за кочан 1----,20% ПДК (чл.82),,1000003142,20%,,1000003142 (Услуги за периода 10.2025),1,Sales,BG121666330,FAC Doema LTD,,
__export__.account_move_line_58835_002ebf5a,18,Erma lodzhistik EOOD,BG207369945,'+11,0,100,03/11/2025,Услуги за периода 10.2025,03/11/2025,703000 Приходи счетоводство,Customer Invoices за кочан 1----,Счетоводно обслужване/Accounting,,1000003141,,20%,1000003141 (Услуги за периода 10.2025),1,Sales,BG121666330,FAC Doema LTD,,
__export__.account_move_line_58836_40c364e9,18,Erma lodzhistik EOOD,BG207369945,'+11,0,11,03/11/2025,Услуги за периода 10.2025,03/11/2025,703001 Приходи ТРЗ,Customer Invoices за кочан 1----,ТРЗ/ гр дог/Personal,,1000003141,,20%,1000003141 (Услуги за периода 10.2025),1,Sales,BG121666330,FAC Doema LTD,,
__export__.account_move_line_58837_53d49b64,18,Erma lodzhistik EOOD,BG207369945,'+21,0,22.2,03/11/2025,Услуги за периода 10.2025,03/11/2025,453200 Vat sales,Customer Invoices за кочан 1----,20% ПДК (чл.82),,1000003141,20%,,1000003141 (Услуги за периода 10.2025),1,Sales,BG121666330,FAC Doema LTD,,
__export__.account_move_line_58831_7b921f87,18,Fondatsiia profesionalna logistika,,'+11,0,160,03/11/2025,Услуги за периода 10.2025,03/11/2025,703000 Приходи счетоводство,Customer Invoices за кочан 1----,Счетоводно обслужване/Accounting,,1000003140,,20%,1000003140 (Услуги за периода 10.2025),1,Sales,BG121666330,FAC Doema LTD,,
__export__.account_move_line_58832_49603ecf,18,Fondatsiia profesionalna logistika,,'+11,0,22,03/11/2025,Услуги за периода 10.2025,03/11/2025,703001 Приходи ТРЗ,Customer Invoices за кочан 1----,ТРЗ/ гр дог/Personal,,1000003140,,20%,1000003140 (Услуги за периода 10.2025),1,Sales,BG121666330,FAC Doema LTD,,
__export__.account_move_line_58833_ead02728,18,Fondatsiia profesionalna logistika,,'+21,0,36.4,03/11/2025,Услуги за периода 10.2025,03/11/2025,453200 Vat sales,Customer Invoices за кочан 1----,20% ПДК (чл.82),,1000003140,20%,,1000003140 (Услуги за периода 10.2025),1,Sales,BG121666330,FAC Doema LTD,,
__export__.account_move_line_58827_1fc453db,18,EV END KhIBRID KARS,BG207557897,'+11,0,273.82,03/11/2025,Услуги за периода 10.2025,03/11/2025,703000 Приходи счетоводство,Customer Invoices за кочан 1----,Счетоводно обслужване/Accounting,,1000003139,,20%,1000003139 (Услуги за периода 10.2025),1,Sales,BG121666330,FAC Doema LTD,,
__export__.account_move_line_58828_08f22dc2,18,EV END KhIBRID KARS,BG207557897,'+11,0,11.73,03/11/2025,Услуги за периода 10.2025,03/11/2025,703001 Приходи ТРЗ,Customer Invoices за кочан 1----,ТРЗ/ гр дог/Personal,,1000003139,,20%,1000003139 (Услуги за периода 10.2025),1,Sales,BG121666330,FAC Doema LTD,,
__export__.account_move_line_58829_674ec6b2,18,EV END KhIBRID KARS,BG207557897,'+21,0,57.11,03/11/2025,Услуги за периода 10.2025,03/11/2025,453200 Vat sales,Customer Invoices за кочан 1----,20% ПДК (чл.82),,1000003139,20%,,1000003139 (Услуги за периода 10.2025),1,Sales,BG121666330,FAC Doema LTD,,
__export__.account_move_line_58823_8266ffa6,18,SB88 OOD,BG207591682,'+11,0,150,03/11/2025,Услуги за периода 10.2025,03/11/2025,703000 Приходи счетоводство,Customer Invoices за кочан 1----,Счетоводно обслужване/Accounting,,1000003138,,20%,1000003138 (Услуги за периода 10.2025),1,Sales,BG121666330,FAC Doema LTD,,
__export__.account_move_line_58824_95e860f6,18,SB88 OOD,BG207591682,'+11,0,11,03/11/2025,Услуги за периода 10.2025,03/11/2025,703001 Приходи ТРЗ,Customer Invoices за кочан 1----,ТРЗ/ гр дог/Personal,,1000003138,,20%,1000003138 (Услуги за периода 10.2025),1,Sales,BG121666330,FAC Doema LTD,,
__export__.account_move_line_58825_2b20edb8,18,SB88 OOD,BG207591682,'+21,0,32.2,03/11/2025,Услуги за периода 10.2025,03/11/2025,453200 Vat sales,Customer Invoices за кочан 1----,20% ПДК (чл.82),,1000003138,20%,,1000003138 (Услуги за периода 10.2025),1,Sales,BG121666330,FAC Doema LTD,,
__export__.account_move_line_58819_7f67ad58,18,PODOBRENIE EOOD,BG207814992,'+11,0,120,03/11/2025,Услуги за периода 10.2025,03/11/2025,703000 Приходи счетоводство,Customer Invoices за кочан 1----,Счетоводно обслужване/Accounting,,1000003137,,20%,1000003137 (Услуги за периода 10.2025),1,Sales,BG121666330,FAC Doema LTD,,
__export__.account_move_line_58820_21930438,18,PODOBRENIE EOOD,BG207814992,'+11,0,11,03/11/2025,Услуги за периода 10.2025,03/11/2025,703000 Приходи счетоводство,Customer Invoices за кочан 1----,ТРЗ/ гр дог/Personal,,1000003137,,20%,1000003137 (Услуги за периода 10.2025),1,Sales,BG121666330,FAC Doema LTD,,
__export__.account_move_line_58821_c3708267,18,PODOBRENIE EOOD,BG207814992,'+21,0,26.2,03/11/2025,Услуги за периода 10.2025,03/11/2025,453200 Vat sales,Customer Invoices за кочан 1----,20% ПДК (чл.82),,1000003137,20%,,1000003137 (Услуги за периода 10.2025),1,Sales,BG121666330,FAC Doema LTD,,
__export__.account_move_line_58816_0b03c958,18,Primtekh EOOD,BG207969107,'+11,0,200,03/11/2025,Услуги за периода 10.2025,03/11/2025,703000 Приходи счетоводство,Customer Invoices за кочан 1----,Счетоводно обслужване/Accounting,,1000003136,,20%,1000003136 (Услуги за периода 10.2025),1,Sales,BG121666330,FAC Doema LTD,,
__export__.account_move_line_58817_e9ce758a,18,Primtekh EOOD,BG207969107,'+21,0,40,03/11/2025,Услуги за периода 10.2025,03/11/2025,453200 Vat sales,Customer Invoices за кочан 1----,20% ПДК (чл.82),,1000003136,20%,,1000003136 (Услуги за периода 10.2025),1,Sales,BG121666330,FAC Doema LTD,,
__export__.account_move_line_58813_aa714872,18,Glif Soush'l EOOD,BG207416035,'+11,0,117.35,03/11/2025,Услуги за периода 10.2025,03/11/2025,703000 Приходи счетоводство,Customer Invoices за кочан 1----,Счетоводно обслужване/Accounting,,1000003135,,20%,1000003135 (Услуги за периода 10.2025),1,Sales,BG121666330,FAC Doema LTD,,
__export__.account_move_line_58814_fb1aa083,18,Glif Soush'l EOOD,BG207416035,'+21,0,23.47,03/11/2025,Услуги за периода 10.2025,03/11/2025,453200 Vat sales,Customer Invoices за кочан 1----,20% ПДК (чл.82),,1000003135,20%,,1000003135 (Услуги за периода 10.2025),1,Sales,BG121666330,FAC Doema LTD,,
__export__.account_move_line_58899_85cfa290,18,Asta 2025 EOOD,BG208147050,'+11,0,150,03/11/2025,Услуги за периода 10.2025,03/11/2025,703000 Приходи счетоводство,Customer Invoices за кочан 1----,Счетоводно обслужване/Accounting,,1000003134,,20%,1000003134 (Услуги за периода 10.2025),1,Sales,BG121666330,FAC Doema LTD,,
__export__.account_move_line_58900_735f2197,18,Asta 2025 EOOD,BG208147050,'+21,0,30,03/11/2025,Услуги за периода 10.2025,03/11/2025,453200 Vat sales,Customer Invoices за кочан 1----,20% ПДК (чл.82),,1000003134,20%,,1000003134 (Услуги за периода 10.2025),1,Sales,BG121666330,FAC Doema LTD,,
__export__.account_move_line_58895_72c92b54,18,AGENTI GROUP LTD,BG203764507,'+11,0,130,03/11/2025,Услуги за периода 10.2025,03/11/2025,703000 Приходи счетоводство,Customer Invoices за кочан 1----,Счетоводно обслужване/Accounting,,1000003133,,20%,1000003133 (Услуги за периода 10.2025),1,Sales,BG121666330,FAC Doema LTD,,
__export__.account_move_line_58896_63514106,18,AGENTI GROUP LTD,BG203764507,'+11,0,11,03/11/2025,Услуги за периода 10.2025,03/11/2025,703001 Приходи ТРЗ,Customer Invoices за кочан 1----,ТРЗ/ гр дог/Personal,,1000003133,,20%,1000003133 (Услуги за периода 10.2025),1,Sales,BG121666330,FAC Doema LTD,,
__export__.account_move_line_58897_5aa0e624,18,AGENTI GROUP LTD,BG203764507,'+21,0,28.2,03/11/2025,Услуги за периода 10.2025,03/11/2025,453200 Vat sales,Customer Invoices за кочан 1----,20% ПДК (чл.82),,1000003133,20%,,1000003133 (Услуги за периода 10.2025),1,Sales,BG121666330,FAC Doema LTD,,
__export__.account_move_line_55810_29f3a510,19,ТОПЛОФИКАЦИЯ София ЕАД,BG831609046,'+31,8.24,0,01/11/2025,1103049747,30/09/2025,"601006 costs electricity, water, heating",Vendor Bills,топлофикация - 2025-09-30,,7811054575,,20% FTC,7811054575 (1103049747),1,Purchase,BG121666330,FAC Doema LTD,,
__export__.account_move_line_62827_dcbf15ef,19,ТОПЛОФИКАЦИЯ София ЕАД,BG831609046,'+41,1.65,0,01/11/2025,1103049747,30/09/2025,453100 Vat purchases,Vendor Bills,20% ПДК,,7811054575,20% FTC,,7811054575 (1103049747),1,Purchase,BG121666330,FAC Doema LTD,,
__export__.account_move_line_62794_364c2471,19,АДВАНС АГ,BG206163885,'+31,1500,0,01/11/2025,66,30/09/2025,60212 Наеми 31130,Vendor Bills,АДВАНС АГ - 2025-09-30,,7811054571,,20% FTC,7811054571 (0000000066),1,Purchase,BG121666330,FAC Doema LTD,,
__export__.account_move_line_62796_ba2c0eac,19,АДВАНС АГ,BG206163885,'+41,300,0,01/11/2025,66,30/09/2025,453100 Vat purchases,Vendor Bills,20% FTC,,7811054571,20% FTC,,7811054571 (0000000066),1,Purchase,BG121666330,FAC Doema LTD,,
__export__.account_move_line_59926_cd0bd3d9,19,СОФИЙСКА ВОДА АД,BG130175000,'+31,12.31,0,01/11/2025,143337132,21/08/2025,"601006 costs electricity, water, heating",Vendor Bills,Софийска вода - 2025-08-21,,7811054568,,20% FTC,7811054568 (0143337132),1,Purchase,BG121666330,FAC Doema LTD,,
__export__.account_move_line_59928_bdd27995,19,СОФИЙСКА ВОДА АД,BG130175000,'+41,2.46,0,01/11/2025,143337132,21/08/2025,453100 Vat purchases,Vendor Bills,20% FTC,,7811054568,20% FTC,,7811054568 (0143337132),1,Purchase,BG121666330,FAC Doema LTD,,
